A1,A2,A3,B1,B2,B3
,,,,,ASRQGDTQY
,,,,,ASSFGTGELF
,,,,,ASSLGLAGGGNEQF
,,,,,ASSPGLAGGITDTQY
,,,,,ASSEYNQPQH
,,,,,ATRDSSYNEQF
,,,,,ASSPARGTEAF
,,,,,SVEDGGYEQY
,,,,,ASSLGEYNEQF
,,,,,ASSSDSNTGELF
,,,,,ASSEGASGSYEQY
,,,,,ASSYGRGQPQH
,,,,,ASSFLAGEETQY
,,,,,ASSLEASGVYNEQF
,,,,,ASSFSSETQY
,,,,,ASSLSLAGAGELF
,,,,,ASSLDGLNYGYT
,,,,,ASSLTGTSQETQY
,,,,,ASSGTSGANTGELF
,,,,,ASSKTGDYGYT
,,,,,ASSGTGGDYGYT
,,,,,ASSLERGITDTQY
,,,,,ASSVQGAGETQY
,,,,,AWSGGAYEQY
,,,,,ASSLDINNEQF
,,,,,ASSLLPSGANVLT
,,,,,ASSFFSNTEAF
,,,,,ASTSGGGTGELF
,,,,,ASSLVGGELF
,,,,,ASSQAGNEQF
,,,,,ASSIGETQY
,,,,,ASSTRTSGETQY
,,,,,ASSLLAGNTDTQY
,,,,,ASSPTGAQETQY
,,,,,ASSQGTETQY
,,,,,ASSLAPSSGNTIY
,,,,,ASSLGASGPYEQY
,,,,,ASSGGQGPYEQY
,,,,,ASSYGGGNTIY
,,,,,ASSSVSGNTIY
,,,,,SASRQGYEQY
,,,,,ASSPPGQGNYGYT
,,,,,ASSQGLAGGYEQY
,,,,,ASSHSGRNTGELF
,,,,,ASSLAVGTGELF
,,,,,ASSYGTGPYEQY
,,,,,SARDYGYT
,,,,,ASSFSSGSSYEQY
,,,,,ASSLADTQY
,,,,,ASSLGTVNSPLH
,,,,,ASSLTRSSYEQY
,,,,,ASSVTGSTEAF
,,,,,ASSLGQGDNYGYT
,,,,,ASSPGTGGDEQY
,,,,,ASSWGTSGSYEQY
,,,,,ASSLTAGANVLT
,,,,,ASSQGGTSAYEQY
,,,,,ATSEYNEQF
,,,,,ASSLWQGNTEAF
,,,,,ASSPGHNNEQF
,,,,,ASSLEAVSTDTQY
,,,,,ASSYQGNTEAF
,,,,,ASGPTDTQY
,,,,,ASSPDRSQETQY
,,,,,ASSLMGGTDTQY
,,,,,ASSFSPSTDTQY
,,,,,ASSQTNYGYT
,,,,,ASSQDPLSYEQY
,,,,,ASSLDFYNEQF
,,,,,ASSPRDRNYEQY
,,,,,ASSQDQGSGANVLT
,,,,,ASSPPGRGNTGELF
,,,,,ASSEAGGYNEQF
,,,,,ASSLGQGQETQY
,,,,,ASSLVGASSYNEQF
,,,,,ASSLVWNTGELF
,,,,,ASSPGPGGYT
,,,,,ASSFRRGLETQY
,,,,,ASSLGRRDTEAF
,,,,,ASSEGVNTEAF
,,,,,ASSLTSGITDTQY
,,,,,ASSLPGTGGTDTQY
,,,,,ASSQDLGGSYNEQF
,,,,,ASSGGRGTDTQY
,,,,,ASSLELADTQY
,,,,,ASSLVKDTQY
,,,,,ASSPGTPDTQY
,,,,,ASSRGYSYEQY
,,,,,SARWWRSYNEQF
,,,,,ASSSGLAGAEQF
,,,,,ASSVGTYNEQF
,,,,,ASSLALDEKLF
,,,,,SAGQGGQETQY
,,,,,ASSGQGSGANVLT
,,,,,ASSLSPTYEQY
,,,,,ASSQVGGAYEQY
,,,,,ASSPGQGFSGANVLT
,,,,,ASSSTGSADTQY
,,,,,ASRPTGAGANVLT
,,,,,ASSLTGGNTGELF
,,,,,ASRQGPYNEQF
,,,,,ASSSLTAYEQY
,,,,,ASSFQVGNTEAF
,,,,,ASSLSGVGEQY
,,,,,ASSRTSGGNTGELF
,,,,,ATGTSGSTDTQY
,,,,,ASSEGGDNEQF
,,,,,ASSLQQGYEQY
,,,,,ASSPGLAGDTGELF
,,,,,ASSPGRISYEQY
,,,,,ASSPTGDTDTQY
,,,,,ASRSTGGKETQY
,,,,,SVARGETQY
,,,,,ASSFDFYEQY
,,,,,ASSLDTLYEQY
,,,,,ASSPSGFYNEQF
,,,,,ASSPRTAMNTEAF
,,,,,ASGVGVNTEAF
,,,,,ASSLDTQNTEAF
,,,,,ASSGSGRGYEQY
,,,,,ASSLAGGRVETQY
,,,,,ASSQTGDSPLH
,,,,,ASSFGGGYTEAF
,,,,,ASSSTGRDTGELF
,,,,,ASSLGLAGATGELF
,,,,,ASSPEGDSYNEQF
,,,,,ASRGTDNEKLF
,,,,,ASSLLARGTDTQY
,,,,,ASSLGAASYEQY
,,,,,ASSQGQNSPLH
,,,,,ASSPRGGDTQY
,,,,,ASSRDSSTDTQY
,,,,,ASSLTGSTEAF
,,,,,ASSSARQETQY
,,,,,ASSRGTENQPQH
,,,,,SARSQETQY
,,,,,ASSLRPGGNSPLH
,,,,,ASSWDTDTQY
,,,,,ASSLLAGTDTQY
,,,,,ASSVAPSYEQY
,,,,,ASSLGDRDTGELF
,,,,,ASSDLTDTQY
,,,,,ASSLRTNQPQH
,,,,,ASSNRGGEQY
,,,,,ASSPDSLSYEQY
,,,,,ASSPRTGEETQY
,,,,,ASSPDPSTDTQY
,,,,,ASSPLGPNTGELF
,,,,,ASSSSGGSSYNEQF
,,,,,ASSLIAGAGELF
,,,,,ASSGTGLNQPQH
,,,,,ASSPLAGISYEQY
,,,,,ASSLGISTGELF
,,,,,ASSQVGREQF
,,,,,ASSTPSGGTDTQY
,,,,,ASRTGDTGELF
,,,,,ASSLSGADTGELF
,,,,,ASSLEYTEAF
,,,,,ASSSGVSYNEQF
,,,,,ASRRTGSSYNEQF
,,,,,ASSIGGGTDTQY
,,,,,ASSSRGPYEQY
,,,,,ASSEGGEQY
,,,,,ASSSGLTDTQY
,,,,,ASSVSNEQF
,,,,,ASSPGGGSTEAF
,,,,,SARSGTSGSYEQY
,,,,,ASSSTGGGSYNEQF
,,,,,SALGQGNQPQH
,,,,,ASSLTGTGVEKLF
,,,,,ASSPGQGIDTQY
,,,,,SVVTGGTGELF
,,,,,ASSSGSTDTQY
,,,,,SATGGYEQY
,,,,,ASSLAGSQPQH
,,,,,ASSLEPSTDTQY
,,,,,ASSFGGLLYEQY
,,,,,ASSTRMNTEAF
,,,,,ASSRTGVSTDTQY
,,,,,ASSPGTGTYGYT
,,,,,ASSQDRSTGELF
,,,,,ASSLFREETQY
,,,,,ASSPGLAGNEQY
,,,,,ASSVGGATDTQY
,,,,,ASSLWSTGELF
,,,,,ASSEASGTDTQY
,,,,,ASSIGLAEETQY
,,,,,ASSQVSGSTDTQY
,,,,,ASSRQGASEKLF
,,,,,ASSPLGGNTEAF
,,,,,ASSQGQQNTEAF
,,,,,ASSQDRGTYNEQF
,,,,,SVGQNTGELF
,,,,,ASSSPGNYEQY
,,,,,ASSFSTSTDTQY
,,,,,ASSLAGVNTDTQY
,,,,,ASSADTQY
,,,,,ASSLRVGSYEQY
,,,,,ASSLVGGNYNEQF
,,,,,ASSQGEQPQH
,,,,,ASSLGSNTDTQY
,,,,,ASSPRGQYEQY
,,,,,ASRPGTGTYEQY
,,,,,ASSLTGFGELF
,,,,,ASSLVSGSSYNEQF
,,,,,ASSLDGGTKNIQY
,,,,,ASSLDRHGYT
,,,,,ASSPTENYEQY
,,,,,ASSSQGSYGYT
,,,,,ASSLNFYEQY
,,,,,ASSRDRGNEKLF
,,,,,ASSSSGTDYGYT
,,,,,SAPGAGNTIY
,,,,,ASRPLAGGETQY
,,,,,ASSSEVNTEAF
,,,,,ASSLGQGQPQH
,,,,,ASSPGLAADTQY
,,,,,ASSELGYGYT
,,,,,ASSLGGLAANTGELF
,,,,,ASSPGQGGDTQY
,,,,,ASSFGSPYEQY
,,,,,ASSLLGGAEAF
,,,,,ASSLGAGGYGYT
,,,,,ASTNSYEQY
,,,,,ASSLVRGDEQY
,,,,,ASSPDTSYEQY
,,,,,ASSLDISGELF
,,,,,ASSLGQGSSEAF
,,,,,ASSETSGGGNEQF
,,,,,ASSRREGYNEQF
,,,,,ASSLDGTGGYEQY
,,,,,SARGTGSTDTQY
,,,,,ASSSGVSSYNEQF
,,,,,SARDRDTEAF
,,,,,ASSLIGGASTDTQY
,,,,,ASSLVGQNYNEQF
,,,,,ASSPNMNTEAF
,,,,,ASSLAVGETQY
,,,,,ASSLTRDTYEQY
,,,,,SARTSGRANEQF
,,,,,ASSRTGIEQY
,,,,,ASSLVGIYEQY
,,,,,ASSLRTGSTGELF
,,,,,ASSLGQISTDTQY
,,,,,ASSLKGQGASEAF
,,,,,ASSLGGEQY
,,,,,ASSLSPLAGGRNEQF
,,,,,ASSSPPPYEQY
,,,,,SARDSGSTDTQY
,,,,,ASSLVQGATEAF
,,,,,ASSLEQGRGYGYT
,,,,,ASSLGSGGANEQF
,,,,,ASSLVQGGNSPLH
,,,,,ASSVGDQPQH
,,,,,ASSRYNSPLH
,,,,,ASSSLVGETQY
,,,,,ASSPGYYEQY
,,,,,ASRGVTGELF
,,,,,ASSLGLAGGSEQF
,,,,,ASRTGGDTGELF
,,,,,ASSFTGLYEQY
,,,,,ASSQGQGDSPLH
,,,,,ASSQDSGGPYEQY
,,,,,ASSLVQGPYEQY
,,,,,ASSPRIYEQY
,,,,,ASSRGANTGELF
,,,,,ASSEGQDYEQY
,,,,,ASSPRRNYGYT
,,,,,ASSLAAGSTGELF
,,,,,ASSLGRGEDTQY
,,,,,ASRGQGRNQPQH
,,,,,ASSLVENSPLH
,,,,,ASSLGSGYNEQF
,,,,,ASSYTENYGYT
,,,,,ASSRGVNYGYT
,,,,,ASSTLAGDTDTQY
,,,,,ASSRGLAGVGEQF
,,,,,ASSSGAGNQPQH
,,,,,SARNTEAF
,,,,,ASSPTTTNEKLF
,,,,,ASSLGLGELF
,,,,,ASSRDRPDTQY
,,,,,ASSLPGSGANVLT
,,,,,ASSLSSGSSDTQY
,,,,,ASSLVGGGTDTQY
,,,,,ASSPTTGSYEQY
,,,,,ASSQRRGETQY
,,,,,ASSVEAGELF
,,,,,ASSLARGHNEQF
,,,,,ASSLGASGELF
,,,,,ASSRLAGTYEQY
,,,,,ASSLAHSNQPQH
,,,,,ASSPGRTNEKLF
,,,,,ASRREYEQY
,,,,,ASSLRDRGYT
,,,,,ASSLLQGETQY
,,,,,ASSSGALNTEAF
,,,,,ASSLGQHNQPQH
,,,,,ASSVGAGSTDTQY
,,,,,ASGGGSYEQY
,,,,,ASSIQGANYGYT
,,,,,ASRTGANTGELF
,,,,,ASSLGDYNEQF
,,,,,ASSFDSLNTEAF
,,,,,ASSLGLGLETQY
,,,,,ASSLDRNSGNTIY
,,,,,ASSLSQGDGYT
,,,,,ASSGDRNTEAF
,,,,,ASSPGRSSGNTIY
,,,,,ASSLEAEETQY
,,,,,ASSDGDTGELF
,,,,,ASSSWTGGSYNEQF
,,,,,ASSLELNQPQH
,,,,,ASSPPQNTEAF
,,,,,ASSLVRSSYNEQF
,,,,,ASSQQGLSGNTIY
,,,,,ASSFRGDQPQH
,,,,,ASSPLQGAGELF
,,,,,ASSRNQETQY
,,,,,ASSYPGTYEQY
,,,,,ASSLAPGANTGELF
,,,,,ASSPSVRETQY
,,,,,ASSRGGPSSYEQY
,,,,,SASWGGTDTQY
,,,,,ASSEGTDTGELF
,,,,,ASSLGDGYNEQF
,,,,,ASSSGPPETQY
,,,,,ATRDTNTGELF
,,,,,ASSLGRTGNTEAF
,,,,,ASSSPGRSGANVLT
,,,,,ASSLGEGETQY
,,,,,ASSTRGGQETQY
,,,,,ASSLAASSTDTQY
,,,,,ASSLGQGFSYEQY
,,,,,ASSPGTSGSSYNEQF
,,,,,ASSSGQGRNEQF
,,,,,ASSSWTSGSTDTQY
,,,,,ASSLAGALYEQY
,,,,,ASSSGPNEQF
,,,,,ASSERQGSYEQY
,,,,,ASSFQGSNEQF
,,,,,ASSLTQGAEAF
,,,,,ASSQVGATEAF
,,,,,ASSLEGQGQPQH
,,,,,ASSVTGTSYNEQF
,,,,,ASSESGGGTDTQY
,,,,,ASSVGLAGVTGELF
,,,,,ASRQGASYEQY
,,,,,ASSQSGNTIY
,,,,,ASSPLAGYNEQF
,,,,,ASSGLAGDTGELF
,,,,,ASSPTGESYEQY
,,,,,ASSAGTNTEAF
,,,,,ASSPQGAGGRNEQF
,,,,,ASSGGLAGYEQY
,,,,,ASSLHSGNTIY
,,,,,ASSLSETGELF
,,,,,ASSRDTSTDTQY
,,,,,ASSRTSGASYEQY
,,,,,ASSLGSSGETQY
,,,,,ASSLSRVYEQY
,,,,,ASSRLGETQY
,,,,,ASTGSTDTQY
,,,,,ASSPRTSYEQY
,,,,,ASSLDTTSTDTQY
,,,,,ASTDTDTQY
,,,,,ASSQLRSGNTIY
,,,,,ASSYRGRGYEQY
,,,,,ASSQDRGPYEQY
,,,,,ASSSTSGGQETQY
,,,,,ASRGQGAGETQY
,,,,,ATRTGSSYNEQF
,,,,,ASSYRDSGANVLT
,,,,,SVGDRAGANVLT
,,,,,ASARGTGELF
,,,,,ASSSDRLTDTQY
,,,,,ASSQGGNSPLH
,,,,,ASSPPGQGYGYT
,,,,,ASSSAGGADTQY
,,,,,ASSLATSGGYNEQF
,,,,,ASSLVGTGTDTQY
,,,,,ASSLLARETQY
,,,,,ASSLSRANTGELF
,,,,,ASRLAGGPNTGELF
,,,,,ASSAGLEETQY
,,,,,ASSGGGSSYEQY
,,,,,ASSSRTTYEQY
,,,,,ASSDRDYEQY
,,,,,ASSLVYNEQF
,,,,,ASSLRQNTDTQY
,,,,,ASSPGDRYTGELF
,,,,,ASSLASGFTDTQY
,,,,,ASSLFGAQETQY
,,,,,ASSPGGGGEKLF
,,,,,ASSSGPGANVLT
,,,,,ASSLSRGGEQY
,,,,,ASSPGQGVYEQY
,,,,,ASSQDFNEQF
,,,,,ASGSGRTDTQY
,,,,,ASSLLAGGRETQY
,,,,,ASSFSSSYEQY
,,,,,ASRSRGGTDTQY
,,,,,ASSTDRGTDTQY
,,,,,ASSDQGNTEAF
,,,,,ASSVGVASTDTQY
,,,,,ATSRAGANTGELF
,,,,,ASSQGAGNSPLH
,,,,,AWSLGNYGYT
,,,,,ASSPQGYQETQY
,,,,,ASSLSGLYEQY
,,,,,ASSPGLAVTGELF
,,,,,ASSLGGGGYGYT
,,,,,ASSPSADTQY
,,,,,ASSQGNNEQF
,,,,,ASSFTGDYNEQF
,,,,,ASSPTREETQY
,,,,,ASSPDMNTEAF
,,,,,ASSSFGSTDTQY
,,,,,ASRPGQGNTEAF
,,,,,SARGLGETQY
,,,,,ASSLGGLAEETQY
,,,,,SVSGGTEAF
,,,,,ASSPNGGNTEAF
,,,,,ASSSTGEYGYT
,,,,,ASSLISGGGTDTQY
,,,,,ASSDRGRSTGELF
,,,,,ASSLVGSSGANVLT
,,,,,ASSPDRERGYT
,,,,,ASSVSLNTGELF
,,,,,ASSFSGNNQPQH
,,,,,ASSPGLAGGGEQY
,,,,,ASGPGQGYEQY
,,,,,ASSLPSGTYEQY
,,,,,ASSPRGQSSYEQY
,,,,,ASSSFTEAF
,,,,,ASSLSSGGYT
,,,,,ASSLSTAGELF
,,,,,ASSFGGSTEAF
,,,,,ASSPRGIGNQPQH
,,,,,ASSLGYGTEAF
,,,,,ASSWTEQETQY
,,,,,ASSFRGNEQF
,,,,,ASSSPGPQETQY
,,,,,ASSQGTSGANVLT
,,,,,ASSWGQDYEQY
,,,,,ASRRTGNEQF
,,,,,ASSLVATTDTQY
,,,,,ASSLFRYNEQF
,,,,,ASSPRPNTEAF
,,,,,ASSLTSATGELF
,,,,,ASSPQVSGANVLT
,,,,,ASRGQGASTGELF
,,,,,ASSRDRGGETQY
,,,,,ASSEGTAYEQY
,,,,,ASSFGTSSTDTQY
,,,,,ASISSTDTQY
,,,,,ASSRDRGHNEQF
,,,,,ASSLAGLAGDEQF
,,,,,ASSQGGGYEQY
,,,,,ASSLAAGSYNEQF
,,,,,SARGTGDTGELF
,,,,,ASSKEGYEQY
,,,,,ASSSGLAGHNEQF
,,,,,ASSLTGPTGELF
,,,,,ASSSGFSYNEQF
,,,,,ASRGQSNTGELF
,,,,,SATGTSGYEQY
,,,,,ASSLTGGGQETQY
,,,,,ASSLSSGNNEQF
,,,,,ASSLRLAGTGELF
,,,,,ASSLGGDSYEQY
,,,,,ASSLGLAGIQETQY
,,,,,ASSLAQGYEQY
,,,,,ASSLRAGGNEQF
,,,,,ASGLAGVEQF
,,,,,ASSKDGNQPQH
,,,,,ASSPPDTQY
,,,,,ASSVEGYNEQF
,,,,,ASRLDSYEQY
,,,,,ASSFGTSGDYEQY
,,,,,ASSPQGPNYGYT
,,,,,ASSRGQYSNQPQH
,,,,,ASSPGQGNEQF
,,,,,ASSRLQGTGELF
,,,,,ASSLRDNQETQY
,,,,,ASSSPGTGTYEQY
,,,,,ASSDRGRTEAF
,,,,,ASSLGLAAEQY
,,,,,ASRGGDTQY
,,,,,ASSLGTGVTEAF
,,,,,ASSPGVGTGELF
,,,,,SVDDGYT
,,,,,ASSPTGGSTGELF
,,,,,ASSVGTRNTEAF
,,,,,ASSLEPGYEQY
,,,,,ASSPGNTQY
,,,,,ASSTSGGSYNEQF
,,,,,ASSLFRGTEAF
,,,,,ASSGRTGDNEQF
,,,,,ASSPLGTGELF
,,,,,ASSFTGKETQY
,,,,,ASSLEGLAGVDEQF
,,,,,ASSADGNYGYT
,,,,,ASSYGAYEQY
,,,,,ASSRGLNEQF
,,,,,ASSQGLAGGSYNEQF
,,,,,ASSQQGGDTEAF
,,,,,ASSRYQETQY
,,,,,ASSSGQGHQPQH
,,,,,ASSLPTETQY
,,,,,ASSLYENTEAF
,,,,,ASSLSGRSSYEQY
,,,,,ASSPGQTNQPQH
,,,,,ASSLPGGGSYNEQF
,,,,,ASSSGLAGALDTQY
,,,,,ASSRGEPYEQY
,,,,,ASSPTGGGSPLH
,,,,,ASSRGGRTGELF
,,,,,SAGGLAYNEQF
,,,,,ASSPRGGGSYEQY
,,,,,ASSFLGGQETQY
,,,,,ASSLGGQGSETQY
,,,,,ASSDGTGNQPQH
,,,,,ASSRDRVRTEAF
,,,,,ASSRGDRSYEQY
,,,,,ASSITGGTDTQY
,,,,,ASSLAAGGGTDTQY
,,,,,ASSLDSPGELF
,,,,,ASSLKGGYEQY
,,,,,ASSPGQETQY
,,,,,ASSPSIGELF
,,,,,SVEDRGSGANVLT
,,,,,SVGDRGSYEQY
,,,,,ASSEQGTGELF
,,,,,ASSPLSGEQF
,,,,,ASSSGRAETQY
,,,,,SATGTGNTEAF
,,,,,ASSFGLQETQY
,,,,,ASSLSTGAYEQY
,,,,,ASSLYYTGELF
,,,,,ASSRTGDEQF
,,,,,ASTGSDTQY
,,,,,ATSDPGTGSYEQY
,,,,,ASSLGFGETQY
,,,,,ASSLRQGYYEQY
,,,,,ASSFRGGYEQY
,,,,,ASSLTLAGGQETQY
,,,,,ASSLADRANTEAF
,,,,,ASSLGQITEAF
,,,,,ASSPGGPDTQY
,,,,,SVESTGELF
,,,,,ASSLAGTGGNTEAF
,,,,,ASSVAPRETQY
,,,,,ASRTGANTEAF
,,,,,ASSSRASGANVLT
,,,,,ASSFRGQNTGELF
,,,,,ASSPGQTSTDTQY
,,,,,ASRQQGYTEAF
,,,,,ASSSLPTDTQY
,,,,,ASSLGDGDYGYT
,,,,,SAGYNEQF
,,,,,ASSPPAGGRTDTQY
,,,,,ASSSDGAYEQY
,,,,,ASSLAPGSYNEQF
,,,,,ASSLGGRGEQY
,,,,,ASSQETANYGYT
,,,,,ASSQTGLEQY
,,,,,ASSSGQRNEKLF
,,,,,ASSSTGAEAF
,,,,,ASSRGGQSYNEQF
,,,,,ASSYQENTEAF
,,,,,ASSRTGVNTGELF
,,,,,ASSLAGKSTDTQY
,,,,,ASSSQGARYGYT
,,,,,ASSLTGLGETQY
,,,,,ASSSGTGPYNEQF
,,,,,ASSLGAAEAF
,,,,,ASSPGDTQY
,,,,,ASSLGGADTEAF
,,,,,ASSSRGTEAF
,,,,,ASSQDPGTGANVLT
,,,,,ASSLNSLYGYT
,,,,,ASSSGRRTEAF
,,,,,ASSLATSNEQF
,,,,,ASSVGGEETQY
,,,,,ASSLDRTNEQF
,,,,,ASSSPPGTQY
,,,,,ASRSGNEQF
,,,,,ASSAAGSSYEQY
,,,,,ASSSGQTGELF
,,,,,ASSVQLNTEAF
,,,,,ASSLGGIRTDTQY
,,,,,ASSQDYGYEQY
,,,,,ASSLARGLYEQY
,,,,,ASSYSGTGEYEQY
,,,,,ASRSGLNTEAF
,,,,,ASSSGQGITGELF
,,,,,ASSLGGRGSPLH
,,,,,ASSYSAGYEQY
,,,,,ASSPGQANTGELF
,,,,,ASSLDGREAF
,,,,,ASSSSGTSQETQY
,,,,,ASSLARLQETQY
,,,,,ASSSGQANSPLH
,,,,,ASSTGTVNTEAF
,,,,,ASSRQGAGYEQY
,,,,,ASSSTSGYNEQF
,,,,,ASSFRGEQF
,,,,,ASSLGQGKADTQY
,,,,,ASRLQGSNQPQH
,,,,,ASSSTGGSGANVLT
,,,,,ASSATGTGQETQY
,,,,,ASSSGANQPQH
,,,,,ASSVGLAATDTQY
,,,,,SARTGPNYGYT
,,,,,ASRRDSQETQY
,,,,,ASSLGGSRETQY
,,,,,ASSRENNEQF
,,,,,ASSSGRDTDTQY
,,,,,ASSLRAASYEQY
,,,,,ASSWTSGTGELF
,,,,,ASSLVRGTYNEQF
,,,,,ASSLAGINEKLF
,,,,,ASSLLTGAYEQY
,,,,,ASSLAASNTGELF
,,,,,ASSPMGGTEAF
,,,,,ASSRSGEQY
,,,,,ASSDGNTIY
,,,,,ASSSRGGQETQY
,,,,,ASSQLASGANVLT
,,,,,ASSVGTANQPQH
,,,,,ASSEGQPQH
,,,,,ASSPGTVSGANVLT
,,,,,ASSPSGGGYEQY
,,,,,ASSSTGPGNTIY
,,,,,ASSQDLRGGYT
,,,,,SAPDRGTDTQY
,,,,,ASSLRLDQETQY
,,,,,ASSQFSEQY
,,,,,ASSLTGGGNEQF
,,,,,ASSQVGAYEQY
,,,,,ASSLTRSEAF
,,,,,ASSPPTGEETQY
,,,,,ASRPTGPSYEQY
,,,,,ASSQTGYNEQF
,,,,,ASNGNTEAF
,,,,,ASSTSGTGAYEQY
,,,,,ASSFLAGDTQY
,,,,,ASSYRDRGSYGYT
,,,,,ASSYTGAQPQH
,,,,,SASGGNYGYT
,,,,,ASQGGNTEAF
,,,,,ASSLVGRADTQY
,,,,,ASSLAGLAGDNEQF
,,,,,AWSVGTDTQY
,,,,,ASSVQGSNTGELF
,,,,,ASSYSWNTEAF
,,,,,ASSFDGRETQY
,,,,,ASRDGSYEQY
,,,,,ASSQGTTNYGYT
,,,,,ASSSTGVTDTQY
,,,,,ASSWTSGGAETQY
,,,,,ASSFGTSGTDTQY
,,,,,ASSLDGAGNQPQH
,,,,,ASSYRASYEQY
,,,,,ASKTGYEQY
,,,,,ASSWTNEQF
,,,,,ASSEGLAGYNEQF
,,,,,ASSYSGSYGYT
,,,,,ASRARGYEQY
,,,,,ASSLVQGDTGELF
,,,,,ASSETVNYGYT
,,,,,ASSLVAGSNQPQH
,,,,,ASSGLAGTYNEQF
,,,,,ASSSRTSRETQY
,,,,,ASSFFPDTQY
,,,,,ASSQGSGSTDTQY
,,,,,ASSLTGTSYEQY
,,,,,ASSQGQRNSPLH
,,,,,ASSRGQRTDTQY
,,,,,ASSPGQFSGANVLT
,,,,,ASSFSVQETQY
,,,,,ASSLEQYTDTQY
,,,,,ASSEAGGSGANVLT
,,,,,ASSLRELF
,,,,,ASSGYNSPLH
,,,,,ASSRGQNEQY
,,,,,ASSAGTSYEQY
,,,,,ASSLVRGSYNEQF
,,,,,ASSPGTSASYEQY
,,,,,ASSPQGGYNEQF
,,,,,ASSRRRMNTEAF
,,,,,ASSLRGGAGEKLF
,,,,,ASSSQGAATDTQY
,,,,,SANRGRETQY
,,,,,ASSLDSNEKLF
,,,,,ASSPSVYEQY
,,,,,ASSLDSSGNTIY
,,,,,ASSLRRDNEQF
,,,,,ASSQVRGNTEAF
,,,,,ASSLGGGGTGELF
,,,,,ASSLRLAGGDTQY
,,,,,ASRPSGGSTDTQY
,,,,,ASSFSGRGSYNEQF
,,,,,ASSLLAASYEQY
,,,,,ASSLWGTNEKLF
,,,,,ASSLVGSGSYNEQF
,,,,,ASSFQTGQETQY
,,,,,ASSLTGQSYEQY
,,,,,ASSTRNEQF
,,,,,ASSVGGYTEAF
,,,,,ASSRLAGEGEQF
,,,,,SVAGYGYT
,,,,,ASSDSGTGELF
,,,,,ASSFTSGTGELF
,,,,,ASSLQGINSPLH
,,,,,ASSLRWGSYNEQF
,,,,,ASSPTSGEQY
,,,,,ASSWTDTDTQY
,,,,,ASRSTGEAF
,,,,,ASSLDLAASTDTQY
,,,,,ASSLEQGSYEQY
,,,,,ASSSRQGYNEQF
,,,,,ASSPGGPTNEKLF
,,,,,SAATTDTQY
,,,,,ASSLRTGGSGANVLT
,,,,,SALDRANYGYT
,,,,,ASRPTGYSNQPQH
,,,,,ASSLGPGSYNEQF
,,,,,ASSPFSSTDTQY
,,,,,ASSYDREAF
,,,,,ASSLELGEQY
,,,,,ASSSTGSNEKLF
,,,,,ASSFTRGETQY
,,,,,ASSPWTSGSTDTQY
,,,,,ASSESGVNQPQH
,,,,,ASSSGDTGELF
,,,,,ASSGLAGGNEQF
,,,,,ASTNTEAF
,,,,,ASSPWDSGNTIY
,,,,,ASSSSGTRYNEQF
,,,,,ASSLAGGQSSYEQY
,,,,,ASSYSFEQY
,,,,,ASSLYAGVTDTQY
,,,,,ASSQDRVGNQPQH
,,,,,ASSLHRNTEAF
,,,,,ASSLVPAEAF
,,,,,ASSLAPNTEAF
,,,,,ASSLVLAGGDTQY
,,,,,ASSLIGGNEKLF
,,,,,ASRLSGTYEQY
,,,,,ASSPDGEKLF
,,,,,ASSQDRVHEQY
,,,,,ASSVGTLSTDTQY
,,,,,ASSETGGYGYT
,,,,,ASSLGAGGNSPLH
,,,,,ASSIGQGADTQY
,,,,,ASSPTVGETQY
,,,,,ASSLGQEYNEQF
,,,,,ASSSMTGNTEAF
,,,,,ASSGGTSTDTQY
,,,,,ASSREGETQY
,,,,,ASSFIAGGYNEQF
,,,,,ASSLDRRDTQY
,,,,,ASSRGLAVQETQY
,,,,,ASTRSNQPQH
,,,,,ASSLDSPNTGELF
,,,,,ASSQGGAGTEAF
,,,,,ASRRTGGTGELF
,,,,,ASSLKGGGYT
,,,,,ASSFGTEQF
,,,,,ASSRRRDTEAF
,,,,,ASSSGGAQETQY
,,,,,ASSLAQGASYEQY
,,,,,ASSLGPGDQPQH
,,,,,ASSRQGTNTEAF
,,,,,ASSVEDSSYNEQF
,,,,,ASSSAGGGSYEQY
,,,,,ASSRGQSSYNEQF
,,,,,ASSYRAGANVLT
,,,,,ASSLGTGYT
,,,,,ASSLATGNTGELF
,,,,,ASSPTGYEQY
,,,,,ASSVGYEQF
,,,,,ASSGDTSYEQY
,,,,,ASSLGRWNEQF
,,,,,ASSPQLDTQY
,,,,,ASSSPGTGDGYT
,,,,,ASRLGNEQF
,,,,,ASSRGQTNTEAF
,,,,,SAREGTSGSYEQY
,,,,,ASRRQGSTDTQY
,,,,,ASSLVGTGNQPQH
,,,,,ASSFPSGSYEQY
,,,,,ASSLLLAGGTDTQY
,,,,,ASSLDGGNEQF
,,,,,ASSTDRGDTGELF
,,,,,ASSVGGGNTIY
,,,,,ASKGTGELF
,,,,,ASSSYRAYEQY
,,,,,ASSSDSGANVLT
,,,,,ASSYSETYEQY
,,,,,ASSLWGSNTEAF
,,,,,ASSRQSTDTQY
,,,,,ASSEDSSYNEQF
,,,,,ASSLTGNEKLF
,,,,,ASSLGEGSYNEQF
,,,,,ASSPRAGGQETQY
,,,,,ASSLDSLNTEAF
,,,,,ASSYRTLNTEAF
,,,,,ASSDRPYEQY
,,,,,SVEESGYEQY
,,,,,ASSQASYGYT
,,,,,ASSRASTGELF
,,,,,ASSPRDTYGYT
,,,,,ASSSGQPNTGELF
,,,,,ASSWTANEKLF
,,,,,ASSPYRANTEAF
,,,,,ASSSGTSGHNEQF
,,,,,ASANTDTQY
,,,,,ASSLQGLNYGYT
,,,,,ASSSQGKETQY
,,,,,ASSPRTGYTGELF
,,,,,ASSRRQGGTDTQY
,,,,,ASSLMGGGYNEQF
,,,,,ATSRDRATQETQY
,,,,,ASSRQANTGELF
,,,,,ASSLSGGGDTQY
,,,,,ASSTQGGQPQH
,,,,,ASSLDRRETQY
,,,,,ASSYGQGGQPQH
,,,,,ASSLGPETYEQY
,,,,,ASSRDREGEQY
,,,,,ASRTGQNTGELF
,,,,,ASSLQGTQY
,,,,,ASSQNRNTEAF
,,,,,ASSLDRAGYGYT
,,,,,ASSLGQYTQY
,,,,,ASNRGGNTGELF
,,,,,ASSPGTAGEKLF
,,,,,ASSPRSDTEAF
,,,,,ASSYRVETQY
,,,,,ASRLQGAGYGYT
,,,,,ASGHTGELF
,,,,,ASSLDSANTGELF
,,,,,ASSLRATYEQY
,,,,,ASTTSGPYNEQF
,,,,,ASSPPRADTQY
,,,,,ASSQGGIEAF
,,,,,ASRETGAGNTIY
,,,,,ASSLERGGSYEQY
,,,,,ASSQDQNTEAF
,,,,,ASSLAGISYNEQF
,,,,,ASSLENNYGYT
,,,,,ASSQEYGYT
,,,,,ASSLAGWGTEAF
,,,,,ASSPHGSGNTIY
,,,,,ASSLDVGEETQY
,,,,,ASSLVTGSQETQY
,,,,,ASSKDSNYGYT
,,,,,ASSLRGGNTGELF
,,,,,ASSLLATNTGELF
,,,,,ASSLGGSGRYNEQF
,,,,,ASSLTNGELF
,,,,,ASGGQGNQPQH
,,,,,ASSLTGTVSYEQY
,,,,,ASSQELGADTQY
,,,,,ASSQGRAYNEQF
,,,,,ASSLRTTGELF
,,,,,ASSQEQGYEQY
,,,,,ASSSGLAGGYQETQY
,,,,,ASSPGSGANTGELF
,,,,,ASSRSAYEQY
,,,,,ASSPGLAGRNEQF
,,,,,ASSPWTGRETQY
,,,,,SVGQGGNTEAF
,,,,,ASRGQGTNYGYT
,,,,,SARGTYNEQF
,,,,,ASSLVRGSGANVLT
,,,,,ASSPVRGEQY
,,,,,ASSRGRGNEQF
,,,,,ASSVAGGVETQY
,,,,,ASSLGLAVYEQY
,,,,,ASSQDGGQETQY
,,,,,ATSDLYEQY
,,,,,ASRRTGDNQPQH
,,,,,ASSLGGNGANVLT
,,,,,ASSLFGQGTDTQY
,,,,,ASSLGGGPETQY
,,,,,ASSLRGATEAF
,,,,,ASSLGAGRQPQH
,,,,,ASSLGTGLNYGYT
,,,,,ASSLRQGNTIY
,,,,,ASRTGTGGYGYT
,,,,,ASSLRDRANTEAF
,,,,,ASSPSNSGANVLT
,,,,,ASSLGAEQY
,,,,,ASSPNYGYT
,,,,,ASSSRTGETQY
,,,,,ASSFSRDSYEQY
,,,,,ASSLGGTSGQETQY
,,,,,SVEDPGQSSYNEQF
,,,,,ASSEGGTTDTQY
,,,,,SASPGNYGYT
,,,,,ASSLGTGYTEAF
,,,,,ASSRTDQPQH
,,,,,ASSSGSQPQH
,,,,,SAPGQNYGYT
,,,,,ASSLEQETQY
,,,,,ASSSQANYGYT
,,,,,ASRLQGSGNTIY
,,,,,ASSFGSTEAF
,,,,,ASSWTGNYEQY
,,,,,ASSLYSGTYEQY
,,,,,ASSLTSGGELF
,,,,,ASSTGFSGNTIY
,,,,,ASSFDAGGTDTQY
,,,,,ATGEGTEAF
,,,,,ASSPRGEQF
,,,,,ASSQEEDTQY
,,,,,ASSPPTADTQY
,,,,,ASSVGVSSYNEQF
,,,,,ASSPLAGVYNEQF
,,,,,SARRLAGSYNEQF
,,,,,SASPYTEAF
,,,,,ASSLGTDNEKLF
,,,,,ASSSGNNEQF
,,,,,ASSRLSTDTQY
,,,,,ASSLIGGTEAF
,,,,,ASSLDGGGTDTQY
,,,,,ASSTGTSYEQY
,,,,,ASSFGWNTEAF
,,,,,ASSFQGNTEAF
,,,,,ASSYSYGYT
,,,,,ASSWDRTYEQY
,,,,,ASSLAGADNEQF
,,,,,ASSLREYEQY
,,,,,ASSLVAGSGANVLT
,,,,,ASSPWGGGYGYT
,,,,,SAGLAGETQY
,,,,,ASSPPGLNTEAF
,,,,,ASSSPGSYGYT
,,,,,ASSLMGRDTQY
,,,,,ASSPPGGGDTQY
,,,,,ASSLGQGAYQPQH
,,,,,ASSLVPGASYEQY
,,,,,ASSPRGAGANVLT
,,,,,ASSLNGGAYEQY
,,,,,ASSPGQIYEQY
,,,,,ASSATGTGSYEQY
,,,,,SVGAGGSYNEQF
,,,,,ASSIGQGSDTQY
,,,,,ASSLGALSTDTQY
,,,,,ASSLGQGGSPLH
,,,,,ASSPGASYEQY
,,,,,ASSLSRGNEQF
,,,,,ASSRGGYNEQF
,,,,,ASSLDAGGTDTQY
,,,,,ASSQVGRYEQY
,,,,,ASSLGGGISYEQY
,,,,,ASSLGQFSGANVLT
,,,,,ASSTGVADTQY
,,,,,ASSDPGSSYEQY
,,,,,ASSLWGYGYT
,,,,,ASSLGGPGGETQY
,,,,,ASSPGQPNYGYT
,,,,,ASSLDRGATYNEQF
,,,,,ASSLVGRQETQY
,,,,,ASSPQENQPQH
,,,,,ASSYSGGAYEQY
,,,,,ASSQVGDGYT
,,,,,ASSLDRGIYGYT
,,,,,SATGTGYEQY
,,,,,ASSYSAGGYNEQF
,,,,,ASSLTAGTDTQY
,,,,,ASSPRAGGTDTQY
,,,,,ASSLGQTNEKLF
,,,,,ASSRQSSGNTIY
,,,,,SASLAGRETQY
,,,,,ASSGYGYT
,,,,,ASSMTGDEQY
,,,,,ASSASGYNEQF
,,,,,ASSYSRGTQY
,,,,,ASSKQGLNTEAF
,,,,,ASSPRGRSSYNEQF
,,,,,ASSVEGDQPQH
,,,,,ASSLGGPEQF
,,,,,ASSPGHYGYT
,,,,,ASSDRSTDTQY
,,,,,SASTGYEQY
,,,,,ASSLSRTQY
,,,,,ASSLDGRAYEQY
,,,,,ASSPGLAGTQY
,,,,,ASSLDSGRVYEQY
,,,,,ASSLGGTSGYNEQF
,,,,,ASSPGAKETQY
,,,,,ASSPRQGGSTDTQY
,,,,,ASSLVTGQETQY
,,,,,ASSPGTENQPQH
,,,,,ASSPLAGGRTGELF
,,,,,ASSADRGQPQH
,,,,,ASSQGPGYT
,,,,,ASSQNRGPYEQY
,,,,,ASSFAPNTEAF
,,,,,SATGTGYGYT
,,,,,SAGQGGETQY
,,,,,ASSLAASYNEQF
,,,,,ASSLGPTGGNQPQH
,,,,,ASSGRADTQY
,,,,,ASSQDLPDTQY
,,,,,ASSLAIGQPQH
,,,,,ASSSTANYGYT
,,,,,ASSQGLNEKLF
,,,,,SVGTSTDTQY
,,,,,ASRRTDQETQY
,,,,,SAGGATDTQY
,,,,,ASSPNRNEQY
,,,,,ASSQALAGGTDTQY
,,,,,ASSWGQPQH
,,,,,ASSARLAGAYEQY
,,,,,ASSRDRNSYEQY
,,,,,ASSFANEQF
,,,,,ASSLGGTGRYNEQF
,,,,,ASSLGQFNEQF
,,,,,ASSPGLADQETQY
,,,,,ASSLDPFSGNTIY
,,,,,ASSSGGDGYT
,,,,,ASSFGTGYEQY
,,,,,ASSLGAGMNTEAF
,,,,,ASSLRGADGYT
,,,,,ATSVSGSTDTQY
,,,,,ASSLELAGRETQY
,,,,,ASSLTDEQY
,,,,,ASSSRGAYNEQF
,,,,,ASSLDTGGADTQY
,,,,,ASSLGPAGQETQY
,,,,,ASSRDSSNEKLF
,,,,,ASSLDLAAYEQY
,,,,,ASSLGATEAF
,,,,,ASSGTSGTYNEQF
,,,,,ASSLDGYSYEQY
,,,,,ASSPQGGETQY
,,,,,ASSQDPATDTQY
,,,,,ASSFLVYEQY
,,,,,ASSPGQGAGANVLT
,,,,,ASSFGGYTEAF
,,,,,SARDGTSGSYEQY
,,,,,ASSQEPTDTQY
,,,,,SAPGQGSYEQY
,,,,,ASSLAGTYTDTQY
,,,,,ASSDEKLF
,,,,,SAGANYGYT
,,,,,ASSLASGVTGELF
,,,,,ASSLGTESNQPQH
,,,,,ASSPGLNEKLF
,,,,,ASSAGQGNSPLH
,,,,,ASSLNSDEQF
,,,,,ASSPGYNQPQH
,,,,,ASSWDGGTEAF
,,,,,ASSLGTVNNSPLH
,,,,,ASSSGSNYEQY
,,,,,ASSPTGAYEQY
,,,,,ASSPGTGRYEQY
,,,,,ASSPLPTGELF
,,,,,ASSLLAYEQF
,,,,,ASSVSSNTEAF
,,,,,ASSLGQGIYEQY
,,,,,ASSSRGRDTDTQY
,,,,,ASSLSTGLETQY
,,,,,ASSPSPTDTQY
,,,,,ASSLGTGETYEQY
,,,,,ASSLWGNEQF
,,,,,SARDPPEQF
,,,,,ASSLAGPYGYT
,,,,,ASSPGTGSTDTQY
,,,,,ASRRTVSEQF
,,,,,ASSWGLAGSTDTQY
,,,,,ASSLTGDEQF
,,,,,ASSPGDNYGYT
,,,,,ASSTLAGGETQY
,,,,,ASSWAENTEAF
,,,,,ASSLTSTNEQF
,,,,,ASSPLGPDTQY
,,,,,ASSLWGGGTDTQY
,,,,,ASSLMNEQF
,,,,,ASSLGGGSTGELF
,,,,,ASSLAGKQETQY
,,,,,ASSPREGRTEAF
,,,,,ASSEQGSSYEQY
,,,,,ASSPPQGSGANVLT
,,,,,ASSQDLAGGYNEQF
,,,,,SASQGGEQY
,,,,,ASSPLGGNTGELF
,,,,,ASSFSGTNTDTQY
,,,,,ASSPRTGGNEQF
,,,,,ASSLMGGSYEQY
,,,,,ASSPGNSGNTIY
,,,,,ASRGRGTGELF
,,,,,ASSPGLDSYEQY
,,,,,ASSLDRGSDTQY
,,,,,ASSLTGRGTDTQY
,,,,,ASSPLGGGGTEAF
,,,,,ASSSTIYEQY
,,,,,ASRDLNEQF
,,,,,ASSSSDTGELF
,,,,,ASSYSDSSYEQY
,,,,,ASSRPSSYNEQF
,,,,,ASSLEFSGNTIY
,,,,,ASSSTSSYEQY
,,,,,ASSFRNTIY
,,,,,ASSLDRSYNEQF
,,,,,ASSYTGAYEQY
,,,,,ASSLEREQY
,,,,,ASSSFYEQY
,,,,,ASSERGYGYT
,,,,,ASTPGGNQPQH
,,,,,ASSKTSGSYEQY
,,,,,ASSRDSSNQPQH
,,,,,ASSPGQGNEQY
,,,,,ASSLEGPSYEQY
,,,,,ASSPSGVNTEAF
,,,,,ASSFGGGEETQY
,,,,,ASSWESTDTQY
,,,,,ASSFGTEAF
,,,,,ASSLGAGGPGTGELF
,,,,,ASSAGGSTDTQY
,,,,,ASSLGGGLSSYNEQF
,,,,,ASSGSSGNTIY
,,,,,ASSAWTGNTGELF
,,,,,ASSITYNEQF
,,,,,ASSPRQGHYGYT
,,,,,ASSSGNEQF
,,,,,ASSFGGREQF
,,,,,ASSQGRGRYEQY
,,,,,ASSRGGNQPQH
,,,,,ASRPQGSGANVLT
,,,,,ASSWGQPNTEAF
,,,,,ASSLADYNEQF
,,,,,ASSLTSLQETQY
,,,,,ASSQVRSSYEQY
,,,,,ASSSPGLAGNEQF
,,,,,ASSLAGVSTDTQY
,,,,,ASSKRTSGSTDTQY
,,,,,ASSWGQGSSYEQY
,,,,,ASRTGANVLT
,,,,,ASSFAEDTQY
,,,,,ASRPTGTYEQY
,,,,,ASSSGLAGSSYNEQF
,,,,,ASSDGSSGANVLT
,,,,,ASSYSGTGTGELF
,,,,,ASSPQTGVNTEAF
,,,,,ASTGGVYNEQF
,,,,,ASSLGGRQETQY
,,,,,ASSPPSGRAYNEQF
,,,,,ASSVSGTSGNNEQF
,,,,,ASSFGRSNQPQH
,,,,,ASSLAGGGNEQY
,,,,,ASSPRTSGGNNEQF
,,,,,ASSWGGTGELF
,,,,,ASSDSAGGPDTQY
,,,,,ASSLGQGRDQPQH
,,,,,ASSPDRATDTQY
,,,,,ASSLDGGGTEAF
,,,,,ASSLLAVSTDTQY
,,,,,ASRPSGADTQY
,,,,,SARGDRGTGELF
,,,,,ASSEGQSSYEQY
,,,,,ASSLGGLEQY
,,,,,ASSLVQGGGYT
,,,,,ASSQVGDQETQY
,,,,,ASSLGFTEAF
,,,,,ASSSQGAGNTEAF
,,,,,ASSDRENTGELF
,,,,,ASSFGGGVYEQY
,,,,,ASSPRGVSTDTQY
,,,,,ASSLDSGTEAF
,,,,,ASSTRTGGNEQF
,,,,,ASSLGIADTQY
,,,,,ASSLRGRDTDTQY
,,,,,ASSQPGLAGYEQY
,,,,,ASSLLGHEQF
,,,,,ASSPRGPEAF
,,,,,ASSYRGSYNEQF
,,,,,SARSGETQY
,,,,,ASSFLGYEQY
,,,,,ASSIRGLYNEQF
,,,,,ASSLGALYEQY
,,,,,ASSLGLASEQF
,,,,,ASSLGLGNIQY
,,,,,ASSRGTSGDNEQF
,,,,,ASGSSNEQF
,,,,,ASSLRRTTDTQY
,,,,,ASSYTGSGANVLT
,,,,,ASRGAGVYNEQF
,,,,,ASTRGNSPLH
,,,,,ASGLGETQY
,,,,,ASSLGQGKTQY
,,,,,ASSPDISYEQY
,,,,,ASSLREGGETQY
,,,,,ASSEGLAGVYEQY
,,,,,ASSLIGNGYT
,,,,,ASRGTGLNTEAF
,,,,,ASSRRNEKLF
,,,,,ASSEGTGDTEAF
,,,,,ASSSGGTNEKLF
,,,,,ASSFTGEQY
,,,,,ASSLGPVSTDTQY
,,,,,ASSLGAF
,,,,,ASSQDRVAGELF
,,,,,ASSPPGAGDTQY
,,,,,ASSGDRGHGYT
,,,,,SASLNTGELF
,,,,,ASSPGAGNTGELF
,,,,,ASSFAGAGELF
,,,,,ASSQDLAGGPDTQY
,,,,,ASSLRRGGSYEQY
,,,,,SAQTGGNQPQH
,,,,,ASSRGRSSYEQY
,,,,,ASSQDRGGELF
,,,,,ASRLQGDTEAF
,,,,,ASSPRQGLSYEQY
,,,,,ASSLNRGDEQF
,,,,,ASSPSGNEQF
,,,,,ASSLVGGGSSYNEQF
,,,,,ASSYAGETQY
,,,,,SASGGRTDTQY
,,,,,SATQGGTEAF
,,,,,ASSSLAASTDTQY
,,,,,ASSTTGSYEQY
,,,,,ASSFLSSYEQY
,,,,,ASSFSGSSYEQY
,,,,,ASSTDTYEQY
,,,,,ASSLIGDQPQH
,,,,,SASTAQETQY
,,,,,ASSLERVTDTQY
,,,,,ASSWDRTDTQY
,,,,,ASSLHRGGETQY
,,,,,ASSPSPNYGYT
,,,,,ASSFAVYEQY
,,,,,ASSLGPGEKLF
,,,,,ASSFQGSGNTIY
,,,,,SARLAGGTGELF
,,,,,ASSLVGLSYNEQF
,,,,,ASSQGGPSTDTQY
,,,,,ASSFTGDGYT
,,,,,ASSGGNEQF
,,,,,ASSLSGGRDTQY
,,,,,ASSPDEQY
,,,,,ASSFGGSTGELF
,,,,,ASSRQGSYNEQF
,,,,,ASSQDVTDTQY
,,,,,ASTQSSYNEQF
,,,,,ASSDTGSNQPQH
,,,,,AWSVGAEAF
,,,,,SAPSSTDTQY
,,,,,ASSSSNSPLH
,,,,,ASTGGADTQY
,,,,,ASRSEYEQY
,,,,,ASSLIAGGNTGELF
,,,,,ASSFSGLSSYNEQF
,,,,,ASSPSTSSYNEQF
,,,,,ASSYSHEQY
,,,,,ASSLAGNPYNEQF
,,,,,AISGDSNYGYT
,,,,,ASSLRDKNTEAF
,,,,,ASSPPGLAANEQF
,,,,,ASSTGQGQPQH
,,,,,ASSFGHNTGELF
,,,,,ASSLGSGRNTGELF
,,,,,ASSLAGPKETQY
,,,,,ASSLGDAKNIQY
,,,,,ASSLGGLAGSNEQF
,,,,,ASSLPGEKLF
,,,,,ASSREAYEQY
,,,,,ASSPSSGSSYNEQF
,,,,,ASSLALAGNTGELF
,,,,,ASSYSTGGDTEAF
,,,,,ASSLQPNTGELF
,,,,,ASSLVGLSGNTIY
,,,,,ASSLGAATYEQY
,,,,,ASSFQGLGEQY
,,,,,ASSILAGTDTQY
,,,,,ASTPGGSNYGYT
,,,,,ASSLRGSQETQY
,,,,,ASSPGLAGGAETQY
,,,,,ASSSGYSTDTQY
,,,,,ASSLSTGTYNEQF
,,,,,ASSQDRTYEQY
,,,,,ASSETSGSYNEQF
,,,,,ASSLDIQPQH
,,,,,ASSFGGSYEQY
,,,,,ASSRGTGSNQPQH
,,,,,ASSPGTSGKYNEQF
,,,,,ASTLTGGTEAF
,,,,,ASSPSRVNTEAF
,,,,,ASRPGASGNTIY
,,,,,ASSRGAGSYNEQF
,,,,,ASSFDRGRYEQY
,,,,,ASSSSGRTGELF
,,,,,ASSFGRNSPLH
,,,,,ASSSTGGFTEAF
,,,,,ASSLRGARTEAF
,,,,,ASSQGVSYEQY
,,,,,ASSSTGPQETQY
,,,,,ASSPTLNTGELF
,,,,,ASSTDRKETQY
,,,,,ASSEDRSYNEQF
,,,,,ASSNRETQY
,,,,,ASSPRGGGSYNEQF
,,,,,ASSGGTAQETQY
,,,,,ASSLQTDTQY
,,,,,ASSQEGGTYEQY
,,,,,ASSRLAGSTDTQY
,,,,,ASSTGYSGANVLT
,,,,,SAATGVNTEAF
,,,,,SAKGQGERETQY
,,,,,ASSLMGYTGELF
,,,,,ASKAGELF
,,,,,ASRGQGAGQPQH
,,,,,ASSADRAYNEQF
,,,,,ASSPGEGTEAF
,,,,,ASSEDRGSYNEQF
,,,,,ASSGTGVNTEAF
,,,,,AISESRGSNQPQH
,,,,,ASSSGTSYEQY
,,,,,ASSRSGGAYEQY
,,,,,ASSKLGNEQF
,,,,,ASSPPGTVNTEAF
,,,,,ASSFMGNTEAF
,,,,,ASSPGVGELF
,,,,,ASSLGQLNTEAF
,,,,,ASSQGTSGTDTQY
,,,,,ASSQTGGNTGELF
,,,,,ATSREGSSYNEQF
,,,,,ATSEGYEQY
,,,,,ASSSIYGYT
,,,,,ASSWGGSYEQY
,,,,,ASSLGNYNSPLH
,,,,,ASSLSLGTDTQY
,,,,,ASSPRDRNTGELF
,,,,,ASSQGTGISYEQY
,,,,,ASSSGQDYEQY
,,,,,ASSYSGQGNSPLH
,,,,,ASSLAPYEQY
,,,,,ASSYWVNTEAF
,,,,,ASRPGYNEQF
,,,,,ASSDSGYEQY
,,,,,ASSFGPSETQY
,,,,,ASSLGDSSSYEQY
,,,,,ASSSDGNTEAF
,,,,,ASSQAQETQY
,,,,,ASSSDRGAYGYT
,,,,,ASSLLAGGPGTDTQY
,,,,,ASSPYSSGANVLT
,,,,,ASSLDGDEQF
,,,,,ASSWTGNYGYT
,,,,,ASSAGTEQF
,,,,,ASSVGSSSYEQY
,,,,,ASSLASGSSYNEQF
,,,,,ASSSLAGGLEQY
,,,,,SVEGTEAF
,,,,,ASSLEVGNYGYT
,,,,,ASSPTASNQPQH
,,,,,ASSPGGRANEKLF
,,,,,ASSPPRGTQY
,,,,,ASSPRTSGRNEQF
,,,,,ASSLAGGLDTQY
,,,,,ASSLGTSGLYEQY
,,,,,ASSLGTGGFTGELF
,,,,,ASSPDRYTDTQY
,,,,,ASSQELSSYNEQF
,,,,,ASSRQGASGNTIY
,,,,,ASSLGWDQPQH
,,,,,ASSLEPGTYEQY
,,,,,ASSLTGGSSGNTIY
,,,,,ASSQDVGSSYNEQF
,,,,,ASSVGQGVTYEQY
,,,,,ASSLDRGGEQY
,,,,,ASSQGVGTDTQY
,,,,,ASSLAWANEQF
,,,,,ASSLGQGALNTEAF
,,,,,ASSPRGQQETQY
,,,,,ASSRDSNGYT
,,,,,ASSVGPYNEQF
,,,,,ASSPPQGSYEQY
,,,,,ASSLGGANVLT
,,,,,ASSGLAGGYEQY
,,,,,ASSSGVRHEQY
,,,,,ASSAGVEQY
,,,,,ASSRPTGEAF
,,,,,ASSLDRGTEQY
,,,,,ASSYRGQPQH
,,,,,ASSLSEGETQY
,,,,,ASSLGTARETQY
,,,,,ASSLLAYEQY
,,,,,ASIRGNEQF
,,,,,ASSLRTGVSYEQY
,,,,,SVGRSSYEQY
,,,,,ASSLSRGEQY
,,,,,ASSLGDRSNTEAF
,,,,,ASSPLAGGPSEQF
,,,,,ASSLDSTGNTIY
,,,,,ASSPQAGQETQY
,,,,,ASSVDRGPYNEQF
,,,,,ASSPSTATNEKLF
,,,,,SALPTDTQY
,,,,,ASSLAGGRGTEAF
,,,,,ASSPRDRGQPQH
,,,,,ASSQRDRNSPLH
,,,,,ASRRGEETQY
,,,,,ASSAAGGSTDTQY
,,,,,ASSWGGGYEQY
,,,,,ASSQADEQF
,,,,,ASTLGLGTDTQY
,,,,,ASSFQGAGTEAF
,,,,,ASSLVAGVAGELF
,,,,,ASSLDGLNTGELF
,,,,,ASSSTGSYGYT
,,,,,ASSRGLNQPQH
,,,,,ASGSGELF
,,,,,ASSLGLWETQY
,,,,,ASSPTAAYEQY
,,,,,ASSLQGEGTEAF
,,,,,ASSPGTSGNTGELF
,,,,,ASSLDRGEQY
,,,,,ASSLVGSETQY
,,,,,ASSSRTSGPTDTQY
,,,,,ASSSTGRNEQF
,,,,,ASSLQGGSTDTQY
,,,,,ASSLEGQGYTEAF
,,,,,ASSSGHLNTEAF
,,,,,ASSRGQRGYT
,,,,,ASSRQGSYEQY
,,,,,ASSTDPNTGELF
,,,,,ASSFRTGVSYEQY
,,,,,ASSFTSGGNEQF
,,,,,ASSLGLRDTQY
,,,,,ASSLTGSAYEQY
,,,,,ASRRTGVNTEAF
,,,,,ASSRTGSYGYT
,,,,,ASSLSGVSSYEQY
,,,,,ASSYSRDTGELF
,,,,,ASSLDGTGGEKLF
,,,,,ASSLSISGNEQF
,,,,,ASSPGTGGYYGYT
,,,,,ASSLANTDTQY
,,,,,ASSQVSGYEQY
,,,,,ASSLTTETQY
,,,,,ASSLVQGLGEQY
,,,,,ASSDRGGETQY
,,,,,ASSLWGDSYEQY
,,,,,ASSLGAVSGNTIY
,,,,,ASSSRTASYEQY
,,,,,ASSFQSTDTQY
,,,,,ASSPGGGPGELF
,,,,,ASSDTSGGANEQF
,,,,,ASSLGQGAGETQY
,,,,,ASSLWGGSSYNEQF
,,,,,ASSPDGGNYGYT
,,,,,ASSQDRGATNEKLF
,,,,,ASSYTENTEAF
,,,,,ASSIGTGGYT
,,,,,ASSPGTGYSYEQY
,,,,,ASSSGTGGDTQY
,,,,,ASKYNEQF
,,,,,ASSLVASGGDEQF
,,,,,ASSQDRGRQPQH
,,,,,ASSYGGNEQF
,,,,,ASSKGPYNEQF
,,,,,ASSQYYNEQF
,,,,,ASSLTSGGPDTQY
,,,,,ASSPGSGYEQY
,,,,,ASSQQGNNQPQH
,,,,,ASSIGVNTEAF
,,,,,ASSAPETQY
,,,,,ASSQGGYGYT
,,,,,ASSGLGYEQY
,,,,,ASSLQTANYGYT
,,,,,ASSPGTLRETQY
,,,,,ASSLSGQQETQY
,,,,,ASSSGTAGANVLT
,,,,,ASSSTGRYGYT
,,,,,ASSPGQSNEQF
,,,,,ASSQDSSSGANVLT
,,,,,ASSISGYEQY
,,,,,ASSLTSGTYEQY
,,,,,ASSALNQPQH
,,,,,ASSPSWTGELF
,,,,,ASSQSGTGTYEQY
,,,,,ASRVQGNTEAF
,,,,,ASSLTGQGNYGYT
,,,,,ASSSTSGSQETQY
,,,,,ASSLDYTGELF
,,,,,ASSRGLDTGELF
,,,,,ASSLEGANTGELF
,,,,,ASSPGLAGGPGNEQF
,,,,,ASSISGTSYEQY
,,,,,ATSDPTGGGETQY
,,,,,ASSLEPGGQPQH
,,,,,ASSLKGARTEAF
,,,,,ASSYRTNTGELF
,,,,,ASSPWTGDYGYT
,,,,,ASSQDAGNTEAF
,,,,,SAQGDYGYT
,,,,,ASSFSSGNTEAF
,,,,,ASSLAQGAGTEAF
,,,,,ASSRDRGYQETQY
,,,,,ASSSGTRYNEQF
,,,,,ASSLGGFGNQPQH
,,,,,ASSLVGQGGYNEQF
,,,,,ASSQPGYGYT
,,,,,ASSLDPSGNTEAF
,,,,,ASSLVGSEAF
,,,,,ASSQDGPYEQY
,,,,,ASSSLNEQF
,,,,,ASSLAWGNTEAF
,,,,,ASSPTTVNTEAF
,,,,,ASSPRDRVNTEAF
,,,,,ASSWTGVEQY
,,,,,ASSLERTYNEQF
,,,,,ASSLVGTEAF
,,,,,ASSLVDTGELF
,,,,,ASSQDPGPYEQY
,,,,,ASSLVLAGETQY
,,,,,ASSQDAGSGANVLT
,,,,,ASSPLAGPQETQY
,,,,,ASSATGPTEAF
,,,,,SASGQGGTDTQY
,,,,,ASSQAGTSYEQY
,,,,,ASSTRQGATGELF
,,,,,ASSFSSGETQY
,,,,,ASSTGQGPTDTQY
,,,,,ASRGTGGTYEQY
,,,,,ASSPRLGYEQY
,,,,,ASSEPGQGYEQY
,,,,,ASSSGTGFQETQY
,,,,,ASSGGDYGYT
,,,,,ASSSTQETQY
,,,,,ASSLVGLNTEAF
,,,,,ASSVDYTDTQY
,,,,,ASSLQGGSPLH
,,,,,ASRPGQGYTGELF
,,,,,ASSPRLAGRTDTQY
,,,,,ASSPSGQQETQY
,,,,,ASSIGLQETQY
,,,,,ASSTRQGGTGELF
,,,,,ASSFLHEQY
,,,,,ASSLVASGSSYEQY
,,,,,ASSAPGQGTGELF
,,,,,ASSLAVAGSTDTQY
,,,,,ASSLNSGQETQY
,,,,,ASSPGLAGGFYNEQF
,,,,,ASSFIPDTQY
,,,,,ASSTRTGMNTEAF
,,,,,ASSAGLAGYEQY
,,,,,ASSLRGTDTQY
,,,,,ASSFGDSTDTQY
,,,,,ASSLGGRPNYGYT
,,,,,ASSGTGITEAF
,,,,,ASSLATGDTEAF
,,,,,ASSLLAGSGNEQF
,,,,,ASSFDRATEAF
,,,,,ASSLASYNEQF
,,,,,ASSLGHSGANVLT
,,,,,ASSTGTGSYGYT
,,,,,ASSLDRMNTEAF
,,,,,ASSLSRGSEQY
,,,,,ASSLAGGFSYNEQF
,,,,,ASSPGTGANTEAF
,,,,,ASSLTRSGNTIY
,,,,,SVTGQLNTEAF
,,,,,ASSVGQGSSYEQY
,,,,,ASSVTGGTDTQY
,,,,,ASSRLAGEYNEQF
,,,,,ASSSWTVQETQY
,,,,,ASRPGQGNEQY
,,,,,ASSDNTGELF
,,,,,ASSSGQGYTGELF
,,,,,ASSGTSGDTGELF
,,,,,ASSRTTGYEQY
,,,,,ASSLRTSGFQETQY
,,,,,ASSSAGGTGELF
,,,,,ASSLSWNTEAF
,,,,,ASSLDGQGYNEQF
,,,,,ATSRDLGQPQH
,,,,,ASSLLGTVNTGELF
,,,,,ASSPTDNQPQH
,,,,,ASSLTSGGRQETQY
,,,,,SVEGQGNQPQH
,,,,,ASRPGNTEAF
,,,,,ASSQGPSGNTIY
,,,,,ASSLGQAIYEQY
,,,,,SARGSLNTEAF
,,,,,ASSLISNTGELF
,,,,,ASSDRGPYGYT
,,,,,ASSTGQYNEQF
,,,,,ASSFVSGNTIY
,,,,,ASSNGRSTDTQY
,,,,,ASSWDYQETQY
,,,,,ASRGGVTDTQY
,,,,,ASSSGQRSYEQY
,,,,,ASGRQGSGNTIY
,,,,,SARDREYEQY
,,,,,ASSPPTGSYEQY
,,,,,ASSSTGAGNQPQH
,,,,,ASSQDRVGYEQY
,,,,,ASSQVGSSSYEQY
,,,,,ASSLDGATNEKLF
,,,,,ASSQTSSTDTQY
,,,,,ASSIGGNEQF
,,,,,ASSLRLAGSYNEQF
,,,,,ASSFLDNEQF
,,,,,ASSLPAGRTDTQY
,,,,,ATRQNTEAF
,,,,,ATSDSGANVLT
,,,,,ASSFRDRSYEQY
,,,,,ASSLDGRLQETQY
,,,,,ASSLAPGSETQY
,,,,,ASSSRAANTEAF
,,,,,ASSLEGGNTGELF
,,,,,ASSPPSGSSYNEQF
,,,,,ASSTTSGDTQY
,,,,,ASSETSSYEQY
,,,,,ASSPGQGETQY
,,,,,ASSLGVAADTQY
,,,,,ASSYNGGNTEAF
,,,,,ASSFSAETQY
,,,,,SARVGSSYNSPLH
,,,,,ASSPRGDSYEQY
,,,,,ASSFTGNEQY
,,,,,ASSNRYEQY
,,,,,ASSFQSNTEAF
,,,,,ASRIQGANTGELF
,,,,,ASSTGTQETQY
,,,,,ASSPTSGSHNEQF
,,,,,ASSRTGSSGANVLT
,,,,,ASSPRGGDNSPLH
,,,,,ASSSGGAGANVLT
,,,,,ASSRSGAYNEQF
,,,,,ASSLKGAKNIQY
,,,,,ASSQAGGSTGELF
,,,,,ASSGGLASYNEQF
,,,,,ASSFQNYGYT
,,,,,ASSVAGSGNTIY
,,,,,ASSSGAGGYNEQF
,,,,,ASSEGFTGELF
,,,,,ASSVGLASTDTQY
,,,,,ASSLGQGANEQY
,,,,,ASSWGSNEQF
,,,,,ASSYGDRSSYEQY
,,,,,ASRAGADTQY
,,,,,ASSFGRANEKLF
,,,,,ASSLKLAGNNEQF
,,,,,ASSLSGTDNEQF
,,,,,ASSLVGVLETQY
,,,,,ASSSTGPSTDTQY
,,,,,ASSYGTVNEKLF
,,,,,ASSLGQLKNIQY
,,,,,SASPQETQY
,,,,,ASARQETQY
,,,,,ASSLVAGGRETQY
,,,,,ASSKTGGNTEAF
,,,,,ASSSRTSGRTGELF
,,,,,ASSQGTGGGEQY
,,,,,SVGGSYEQY
,,,,,ASSDGGDTQY
,,,,,ASSELAGSTGELF
,,,,,SAREDSNQPQH
,,,,,ASSSRTGTEAF
,,,,,ASSPDSLNQPQH
,,,,,ASSPTVTYEQY
,,,,,ASSFGRGQETQY
,,,,,ASSSPSEQY
,,,,,ASSLTSGDTGELF
,,,,,ASSIAGSSYNEQF
,,,,,ASSPRVGQPQH
,,,,,ASSYGSTEAF
,,,,,ASSQTSGGATDTQY
,,,,,ASSLGTSGYYEQY
,,,,,ASGLAGGYEQY
,,,,,ASSDQGSYGYT
,,,,,ASSLGPGAKNIQY
,,,,,SAARGNTEAF
,,,,,ASSLDRLNEKLF
,,,,,ASSLGGNIQY
,,,,,ASSLRATQY
,,,,,ASSPPGGREQY
,,,,,ASSRDTGSYEQY
,,,,,ASSPGVSTDTQY
,,,,,SVEVTGNTIY
,,,,,ASSFSDEQY
,,,,,ASSLAGGPYEQY
,,,,,ASSLGARGQETQY
,,,,,ASSLVPDNEQF
,,,,,ASSPPGQGNEQF
,,,,,ASSLSGREQF
,,,,,ASSPTENQPQH
,,,,,ASSLRGVSGNTIY
,,,,,ASSGGTSGRYEQY
,,,,,ASSQTGTGTYEQY
,,,,,SARDYSYEQY
,,,,,ASSKGNTGELF
,,,,,ASSLVSGRAYEQY
,,,,,ASSLGRISNQPQH
,,,,,ASSLSQSTDTQY
,,,,,SARDPGYGYT
,,,,,ASSIGQGTYEQY
,,,,,ASSLTGGSEQF
,,,,,ASSLSGGSSYNEQF
,,,,,ATSNSNQPQH
,,,,,SVRTGGTEAF
,,,,,ASSLNIYEQY
,,,,,ASSPPSSGANVLT
,,,,,SVGQGAYEQY
,,,,,ASSGGQAYEQY
,,,,,ASSPGQGKTDTQY
,,,,,ASSFNEQY
,,,,,ASSGSGGSYEQY
,,,,,ASSLGSAEETQY
,,,,,ASSRDGGYGYT
,,,,,ASSFEGDTQY
,,,,,ASSRQGYTGELF
,,,,,SVDSGNTIY
,,,,,ASSSLAGGTYNEQF
,,,,,ASSLVASGGSYEQY
,,,,,ASSYSRNTDTQY
,,,,,ASSLAHGGGYEQY
,,,,,ASSLLTNYGYT
,,,,,ASSSGGSYNEQF
,,,,,ASTRVNTEAF
,,,,,ASSPDSRETQY
,,,,,ASSYSAGSSYEQY
,,,,,ASSLAEGGQPQH
,,,,,ASSSGLPDTQY
,,,,,ASSLGGLAGQETQY
,,,,,ASSLSHTDTQY
,,,,,ASSLGGGAGEQF
,,,,,ASSPRDSYEQY
,,,,,ASSYQNSPLH
,,,,,SVAGTNYGYT
,,,,,ASSLVGVNTEAF
,,,,,ASSIGDEQY
,,,,,ASSPGQPNEKLF
,,,,,AISTPGQGNTEAF
,,,,,ASSLGGVRTGELF
,,,,,ASSLAGGMDEQF
,,,,,ASSLVSSNTGELF
,,,,,ASSLTGVNSPLH
,,,,,ASSQAVSSYEQY
,,,,,ASSLGLTNEKLF
,,,,,ASSLDQNTEAF
,,,,,AWASGSYNEQF
,,,,,ASSLNRAETQY
,,,,,ASSDLAGGTDTQY
,,,,,SARGGGPTDTQY
,,,,,ATSRGGGRAFQETQY
,,,,,ASSFRLADYNEQF
,,,,,ASRLGGRETQY
,,,,,ASSPRENTEAF
,,,,,ASSLSGGEKLF
,,,,,ASSLGDRDQETQY
,,,,,ASSQDRRGGYT
,,,,,ASSSTGTQY
,,,,,ASSLVSGGAYEQY
,,,,,ASSQVNNEQF
,,,,,ASRSTSGSYEQY
,,,,,ASSQDRTGNQPQH
,,,,,ASSFGPDTEAF
,,,,,ASSLTGASGELF
,,,,,ASSHGGYNEQF
,,,,,ASSRTLNEQF
,,,,,ASSFRQETQY
,,,,,ASSQEGGSSYNEQF
,,,,,ASSQDLVYEQY
,,,,,ASSEIYEQY
,,,,,ASSLLGSDTQY
,,,,,ASSHSGNTEAF
,,,,,ASSPSGAGANVLT
,,,,,SVDRGTEAF
,,,,,SVSRGSSYNEQF
,,,,,ASSADRNYGYT
,,,,,ASSLTGTETQY
,,,,,ASSQGLAGLQETQY
,,,,,ASRQGDEQF
,,,,,ASSPGHPNTEAF
,,,,,ASSLDTYYGYT
,,,,,ATSGTDTQY
,,,,,ASSLGGRGQETQY
,,,,,SARGAGETQY
,,,,,ASSFAGGEQF
,,,,,ASSPLAGAGTGELF
,,,,,ASSLQGSGDTQY
,,,,,ASSPRGGEETQY
,,,,,ASSADRYEQY
,,,,,ASSFGQSSSYEQY
,,,,,ASSLTSPTDTQY
,,,,,ASSSWTGDNEQF
,,,,,ASSADRGTYEQY
,,,,,ASSFGGNNEQF
,,,,,ASSLSLGQETQY
,,,,,ASSRVGDEQY
,,,,,ASSLGTGEGQPQH
,,,,,ASSPGTGGINEQF
,,,,,ASRPTGEETQY
,,,,,ASSLGVTDTQY
,,,,,ASSVAGGSYNEQF
,,,,,ASSYHNEQF
,,,,,SAGGYNEQF
,,,,,ASSLTPYTDTQY
,,,,,ASSSGQGFYNSPLH
,,,,,ASRTGGSNQPQH
,,,,,ASSATVSGNTIY
,,,,,ASSFFPGELF
,,,,,ASRDTTYEQY
,,,,,ASSLGEAGELF
,,,,,ASSYTGSYGYT
,,,,,ASSLAQGSSYNEQF
,,,,,ASSYWGGSTDTQY
,,,,,ASSPRGGGTEAF
,,,,,ASSSTGPTYEQY
,,,,,ASSPGQGANYGYT
,,,,,SASGTSGYNEQF
,,,,,ASSVEGGGTDTQY
,,,,,ASSLRQGYTGELF
,,,,,ASSPTVNEQF
,,,,,ASSPLAANEQF
,,,,,ASSPGGVPYEQY
,,,,,ASSPRGDPYNEQF
,,,,,ASSLGLVTYEQY
,,,,,ASSSTDNEQF
,,,,,SARENYEQY
,,,,,ASSFGTSGDTQY
,,,,,ASSPRRDYGYT
,,,,,ASSLVGAGNQPQH
,,,,,ASSRPGTDTQY
,,,,,ASSSTGIEQY
,,,,,ASSLGQGNYEQY
,,,,,ASSLAGGGTYEQY
,,,,,ASSLQGSGYT
,,,,,ASSPGTDNQPQH
,,,,,ASSPRGPPNTGELF
,,,,,ASSYGRGRTDTQY
,,,,,ASSVGTASNQPQH
,,,,,ASSVGTGNTGELF
,,,,,ASSLRGISYEQY
,,,,,ASSLVRGNTEAF
,,,,,ASSPMTGGYEQY
,,,,,ASSSPGGGTGELF
,,,,,ASSLGRGGADTQY
,,,,,ASSFRTVNEQF
,,,,,ASSPWTSGRTDTQY
,,,,,ASSLEQPGANVLT
,,,,,ASSLGTGEGETQY
,,,,,ASSPPAGTNYGYT
,,,,,ASSRTASSYEQY
,,,,,ASSGVADTQY
,,,,,ASSWAGNTGELF
,,,,,ASSGGLLNTEAF
,,,,,ASSPTAGNTIY
,,,,,ASSLRLAGAGELF
,,,,,ASSYYNYGYT
,,,,,ASSERSSGANVLT
,,,,,ASSPRLAGVNEQF
,,,,,ASSPPVADTQY
,,,,,ASSPSGMNTEAF
,,,,,ASSFPGGEQF
,,,,,ASSGSGRSYEQY
,,,,,ASSLAGVGELF
,,,,,ASSLGDRGADTQY
,,,,,ASSYRQGNTGELF
,,,,,SVGSSYEQY
,,,,,ASSLRQDTEAF
,,,,,ASSEGQGNTGELF
,,,,,ASSYGTGSSYEQY
,,,,,ASSFSGGGNTEAF
,,,,,ASSLGQGRGNTIY
,,,,,ASSEGGPQH
,,,,,ASSLRLASNEQF
,,,,,SAPTGGETQY
,,,,,ASSLRDGNQPQH
,,,,,SVEEGYT
,,,,,ASSWTSGQETQY
,,,,,ASKSVNTEAF
,,,,,ASSLLQTDTQY
,,,,,ASSLAGGPTDTQY
,,,,,ATGQGNTGELF
,,,,,ASSFAGNQPQH
,,,,,ASSLGSGGYNEQF
,,,,,ASSLSGASYNEQF
,,,,,ASSENWGTEAF
,,,,,ATSGTSGGTDTQY
,,,,,ASSLGSEDTQY
,,,,,ASSRQGSNEQF
,,,,,ASSFGEQETQY
,,,,,ASSLSGRDNEQF
,,,,,ASSFYTGELF
,,,,,ASSLGVDNEQF
,,,,,ASSLGLAGGSGETQY
,,,,,SAGQTNYGYT
,,,,,ASSQVGGYTDTQY
,,,,,ASSVTSEQF
,,,,,ASSPREDTQY
,,,,,ASSIGQGDQPQH
,,,,,SARDRAGGLNEQF
,,,,,ASSFRDSPYNEQF
,,,,,ASSLGTSGRDTQY
,,,,,ASSTGYQETQY
,,,,,ASSGRDSGANVLT
,,,,,ASSPARADTQY
,,,,,ASSLGRGYGYT
,,,,,ASRGTGNSPLH
,,,,,ASSLFYNEQF
,,,,,ASRKTSTDTQY
,,,,,ASSQDTSGYNEQF
,,,,,SVVRDYEQY
,,,,,ASSFGGAGDTQY
,,,,,ASSPGHSTDTQY
,,,,,ASSFSLSNQPQH
,,,,,ASSYPGSSYEQY
,,,,,ASSLRGAETQY
,,,,,ASSLRSTGELF
,,,,,ASSLRSMNTEAF
,,,,,ASSLAGPNYGYT
,,,,,ASSLGGTGANYGYT
,,,,,ASSPGSYNSPLH
,,,,,ASSLGTASTGELF
,,,,,ASSLRGGGNTEAF
,,,,,ASSLAGVRETQY
,,,,,ASSPRLAGTDTQY
,,,,,ASSQARGNTEAF
,,,,,ASSRLASEQF
,,,,,ASSAGTVSTDTQY
,,,,,ASSLTGTDNEQF
,,,,,ASSSRTGGNTIY
,,,,,ASTRGTEAF
,,,,,ASSLGPGSEQY
,,,,,ASSPRGGAYEQY
,,,,,ASSLLGFTEAF
,,,,,ASSSGLKETQY
,,,,,ASSPSGSNEQF
,,,,,ASSLSGRLTDTQY
,,,,,SATDSTDTQY
,,,,,ASSARDSSYNEQF
,,,,,ASSEDNTGELF
,,,,,ASSPGRENTGELF
,,,,,ASSGTSGGYEQY
,,,,,ASSLMYTGELF
,,,,,ASSQDHSNQPQH
,,,,,ASSISSNQPQH
,,,,,ASSLGLVRTGELF
,,,,,ASSYSYTGELF
,,,,,ASSRTEYGYT
,,,,,AISERGDSYEQY
,,,,,ASSFGGSGNEQF
,,,,,ASSSTSGANVLT
,,,,,ASSYGTGGQETQY
,,,,,AISESTGQETQY
,,,,,ASSEGQGRYNEQF
,,,,,ASSKGTDTQY
,,,,,ASSLEGANVLT
,,,,,ASSLERGNEQF
,,,,,ASSSGTEQF
,,,,,ASSEDGSSYNEQF
,,,,,ASSPRTGPYNEQF
,,,,,ASSLLTSGSYEQY
,,,,,ASSQESSNQPQH
,,,,,ASSGVNQPQH
,,,,,ASSYTANYGYT
,,,,,ASSLLAGSSYEQY
,,,,,ASSTGTGGSYEQY
,,,,,ASSQGLAGANEQF
,,,,,ASTWTGELF
,,,,,ASSSPRGTDTQY
,,,,,ASSLAGQDYEQY
,,,,,ASSLGQGVREQY
,,,,,ASSEGLAGGQETQY
,,,,,ASSSRDSNTEAF
,,,,,ASSLESSQETQY
,,,,,ASSLELGQPQH
,,,,,ASSVTGELF
,,,,,ASSRGGREETQY
,,,,,SVVGYEQY
,,,,,SVAGETQY
,,,,,ASSQPSGGTDTQY
,,,,,ASSPSGNNYGYT
,,,,,ASTSTGGSYEQY
,,,,,ASSFTGTGTEAF
,,,,,ASSLQEGNTEAF
,,,,,ASSFRVTGELF
,,,,,ASSGTSGPYEQY
,,,,,ASSLARGNTGELF
,,,,,ASSLEGLYEQY
,,,,,ASSLVGGDEQY
,,,,,ASSRPGTSYEQY
,,,,,ASSEEADTQY
,,,,,ASSRRAGSTDTQY
